"id_marine";"identifier";"mmsi";"name";"flag";"type";"length";"port";"col11";"col12";"col13";"col14";"col15"
"710";"664088";\N;"KOHO MARU NO.21";"JP";"8";"71";"JP AOM OFF";"12";"58";"3";\N;"0"
"711";"2147483647";\N;"[SAT-AIS]";\N;"8";\N;\N;\N;"58";"3";\N;\N
"712";"193712";\N;"CMA CGM VIRGINIA";"GB";"7";"294";"PANAMA";"32";"223";"20";\N;"0"
"713";"3919105";\N;"FUKUYOSHIMARU NO.1";"JP";"7";"76";"JP MUT";"12";"65";"3";\N;"0"
"714";"662861";\N;"PACIFIC VENUS";"JP";"6";"183";"JP AOM";"25";"48";"13";\N;"0"
"715";"3530736";\N;"AZUMA MARU NO.21";"JP";"0";"105";"JP KIJ OFF";"16";"81";"12";\N;"0"
"716";"661072";\N;"BLUE DOLPHIN";"JP";"6";"136";"JP HKP4>AOM";"22";"46";"4";\N;"0"
"717";"662379";\N;"TOKIWAMARU";"JP";"8";"89";"JP KIJ WR OFF";"13";"67";"10";\N;"-720"
"718";"3087638";\N;"SAR 4310203";"JP";"3";"0";\N;"0";\N;\N;\N;\N
"719";"662948";\N;"TOKUYO MARU NO.7";"JP";"8";"71";"JP> ISW OFF";"12";"53";"8";\N;"0"
"720";"664761";\N;"ASAKAZE NO.5";"JP";"6";"100";"JP HKP3 >JP AOM";"15";"27";"10";\N;"0"
"721";"660678";\N;"NISSHO MARU";"JP";"7";"75";"JP OTR";"12";"50";"7";\N;"0"
"722";"457868";\N;"HANJIN NORFOLK";"PA";"7";"261";"SHANGHAI CHINA";"32";"193";"10";\N;"0"
"723";"664652";\N;"AOBAMARU";"JP";"7";"113";"JP ISW OFF";"17";"90";"13";\N;"0"
"724";"376020";\N;"ATLANTIC HAWK";"BS";"7";"225";"JPOTR";"32";"210";"7";\N;"0"
"725";"660861";\N;"ASAKAZE 21";"JP";"6";"101";"JP HKP/JP AOM";"16";"25";"3";\N;"0"
"726";"662228";\N;"MEIRYU MARU NO.1";"JP";"0";"75";"JP SIRIYA";"12";"66";"3";\N;"-720"
"727";"526372";\N;"FU YUAN YU LENG 15";"CN";"2";"60";"CLASS B";"12";"40";"6";\N;\N
"728";"3494269";\N;"JIN LIN";"BZ";"7";"99";"JP HHE";"16";"80";"8";\N;"0"
"729";"664773";\N;"ESAN 2000";"JP";"6";"110";"JP HKP 4>JP AOM";"17";"30";"13";\N;"0"
"730";"416506";\N;"KEIYO 18";"PA";"7";"79";"KR PUS";"13";"65";"10";\N;"0"
"731";"662560";\N;"SENSHIN MARU";"JP";"7";"76";"CLASS B";"12";"63";"3";\N;"0"
"732";"408670";\N;"EVER UTILE";"PA";"7";"285";"TACOMA";"40";"211";"20";\N;"0"
"733";"673301";\N;"301 TONG YOUNG";"KR";"2";"55";"BUSAN";"9";"28";"3";\N;"0"
"734";"661965";\N;"TSURUTAMA MARU NO.2";"JP";"8";"104";"JP SGM OFF";"16";"76";"2";\N;"0"
"735";"4160474";\N;"HAKURYUUMARU";"JP";"0";"25";"CLASS B";"8";"10";"4";\N;"0"
"736";"665285";\N;"SHIGEN";"JP";"3";"86";"JP FNB";"39";"39";"15";\N;"0"
"737";"663363";\N;"SHOSEI MARU";"JP";"8";"105";"JP ANE OFF";"15";"78";"13";\N;"0"
"738";"662536";\N;"KAKUSHU MARU";"JP";"8";"105";"JP KSM OFF";"16";"86";"8";\N;"0"
"739";"653626";\N;"WIN FU LAI";"TW";"2";"63";"A";"0";"0";"0";\N;"0"
"740";"715980";\N;"PORT MOODY";"MH";"8";"181";"PA BLB";"32";"146";"9";\N;"0"
"741";"350351";\N;"GRANIT";"RU";"2";"64";"BERING SEA";"13";"14";"4";\N;"14"
"742";"754129";\N;"APL NEW JERSEY";"LR";"7";"293";"US LAX";"40";"220";"28";\N;"0"
"743";"420355";\N;"SUNNY ROYAL";"PA";"7";"197";"RU VNN";"32";"175";"19";\N;"0"
"744";"689410";\N;"FORTUNE LADY";"HK";"7";"225";"BALBOAA";"32";"202";"11";\N;"0"
"745";"3087292";\N;"VTS 4310121";"JP";"0";"0";\N;"0";\N;\N;\N;\N
"746";"664928";\N;"NAGASHIMA";"JP";"0";"0";"";"0";"0";"0";\N;"0"
"747";"662890";\N;"KANYO MARU";"JP";"7";"114";"JP HKP OFF";"17";"94";"11";\N;"0"
"748";"3099211";\N;"KAISYO";"JP";"2";"0";"CLASS B";"0";"0";"0";\N;"0"
"749";"664860";\N;"WAKATAKE MARU";"JP";"3";"64";"JP HKP 2";"10";"27";"7";\N;"0"
"750";"3871193";\N;"SEIHOU MARU";"JP";"7";"75";"JP HKP 2";"12";"61";"5";\N;"0"
"751";"663618";\N;"PACIFIC FALCON";"JP";"7";"126";"JP HKP KAMIISO OFF";"21";"95";"5";\N;"0"
"752";"661623";\N;"SHIRIUCHIMARU";"JP";"8";"104";"JP HKP 2";"16";"85";"12";\N;"0"
"753";"662690";\N;"SHINRYU MARU";"JP";"3";"60";"JP HKP";"11";"19";"4";\N;"0"
"754";"661458";\N;"AKEBONO MARU";"JP";"8";"99";"JP HKP OFF";"17";"75";"16";\N;"0"
"755";"416530";\N;"SUNROAD MITOYA";"PA";"7";"154";"JP HKD";"25";"132";"7";\N;"0"
"756";"663991";\N;"HOKUYO MARU";"JP";"7";"119";"JP HKP OFF";"20";"100";"7";\N;"0"
"757";"664774";\N;"HAYABUSA NO,3";"JP";"6";"100";"JP HKP 4>JP AOM";"16";"25";"8";\N;"0"
"758";"661846";\N;"RYUJIN";"JP";"7";"81";"JP HKP 4";"15";"64";"3";\N;"0"
"759";"662197";\N;"SHINKAI";"JP";"0";"81";"JP HKP";"14";"65";"4";\N;"0"
"760";"661809";\N;"DAIKANMARU";"JP";"6";"91";"JP OAX>JP HKP4";"16";"28";"2";\N;"0"
"761";"420731";\N;"WAN LI";"PA";"7";"189";"PAKISTAN";"30";"162";"8";\N;"0"
"762";"662485";\N;"PACIFIC SEAGULL";"JP";"7";"126";"JP HKP KAMIISO";"21";"101";"11";\N;"0"
"763";"664747";\N;"VENUS";"JP";"6";"136";"JP HKP>JP AOM";"22";"34";"0";\N;"0"
"764";"728973";\N;"BELSTAR";"SG";"7";"189";"DUMAI/INDONESIA";"32";"95";"16";\N;"0"
"765";"661880";\N;"YOSHITAKA MARU NO.93";"JP";"8";"79";"JP HKP";"12";"63";"9";\N;"0"
"766";"664774";\N;"HAYABUSA NO3";"JP";"6";"100";"JP HKP 4>JP AOM";"16";"25";"8";\N;"0"
"767";"728312";\N;"EVER ULYSSES";"SG";"7";"285";"LOS ANGELES";"40";"250";"18";\N;"0"
"768";"731159";\N;"MAERSK ALGOL";"SG";"7";"337";"BUSAN";"45";"247";"17";\N;"0"
"769";"662078";\N;"BLUE MERMAID";"JP";"6";"144";"JP HKP 4>JP AOM";"23";"27";"19";\N;"0"
"770";"662913";\N;"FERRY AZALEA";"JP";"6";"195";"JP AFG";"29";"29";"7";\N;"0"
"771";"459800";\N;"MAPLE ISLAND";"PA";"7";"189";"CNTAO";"32";"162";"19";\N;"0"
"772";"734427";\N;"INTRA BHUM";"TH";"7";"143";"KR PUSAN";"22";"118";"16";\N;"0"
"773";"661531";\N;"SYOYU";"JP";"7";"79";"JP HKP KAMIISO";"13";"62";"3";\N;"0"
"774";"661009";\N;"SUZUKA MARU";"JP";"8";"69";"JP OTR OFF";"11";"57";"3";\N;"-720"
"775";"664758";\N;"NO.58 OYARIKIMARU";"JP";"7";"86";"JP MUR";"17";"70";"5";\N;"0"
"776";"664141";\N;"SANKOUMARU 31";"JP";"7";"75";"JP KIS";"11";"69";"3";\N;"0"
"777";"3442285";\N;"CRANE REGULUS";"PA";"8";"107";"JP SGM";"16";"86";"13";\N;"0"
"778";"712871";\N;"PAN FREESIA";"MH";"7";"292";"RBK,CANADA";"45";"242";"10";\N;"0"
"779";"662042";\N;"HAYABUSA";"JP";"6";"115";"JP HKP = AOM";"19";"27";"17";\N;"0"
"780";"661966";\N;"TAIYO MARU";"JP";"8";"79";"JP SKT OFF";"12";"64";"9";\N;"0"
"781";"3084843";\N;"GLOVIS CRYSTAL";"MH";"7";"200";"MXLZC";"32";"16";"8";\N;"0"
"782";"516253";\N;"SHUNHANG 8";"CN";"2";"87";"CLASS B";"12";"47";"6";\N;"0"
"783";"664504";\N;"KAKUHISAMARU";"JP";"8";"74";"JP AOM";"11";"61";"9";\N;"0"
"784";"663876";\N;"28HOURAIMARU";"JP";"7";"74";"JP KIJ";"14";"59";"12";\N;"0"
"785";"662373";\N;"SINKENYOU MARU";"JP";"7";"114";"JP HKP OFF";"17";"87";"14";\N;"0"
"786";"273573";\N;"ITAL UNIVERSO";"IT";"7";"285";"TAIPEI";"40";"212";"10";\N;"0"
"787";"461594";\N;"IGNAZIO";"PA";"7";"189";"PANAMA.CANAL";"32";"162";"20";\N;"0"
"788";"754233";\N;"YM UTILITY";"LR";"7";"333";"KR PUS";"42";"244";"21";\N;"-3"
"789";"663968";\N;"NIKKO MARU";"JP";"8";"71";"JP KWS US";"12";"53";"3";\N;"0"
"790";"661604";\N;"SUZURAN";"JP";"6";"224";"JP TMK XX";"26";"43";"19";\N;"0"
"791";"409534";\N;"CRANE POSEIDON";"PA";"8";"127";"JP MUR";"19";"103";"6";\N;"0"
"792";"728649";\N;"ELEKTRA";"SG";"7";"227";"CN SHA";"33";"47";"15";\N;"0"
"793";"661886";\N;"NO.15 HOKUNANMARU";"JP";"8";"43";"CLASS B";"7";"32";"6";\N;\N
"794";"194707";\N;"CMA CGM CENDRILLON";"GB";"7";"334";"SEATTLE";"42";"259";"13";\N;"1"
"795";"661731";\N;"NO.3 DAIEIMARU";"JP";"8";"89";"JP HHE OFF";"14";"72";"4";\N;"-720"
"796";"662900";\N;"KOSHIN MARU NO.12";"JP";"8";"69";"JP HHE OFF";"12";"57";"8";\N;"0"
"797";"458985";\N;"HUA MING";"PA";"7";"165";"ISHIKARI";"27";"134";"9";\N;"0"
"798";"376484";\N;"ARK";"BZ";"7";"87";"JP FUNAGAWA";"12";"72";"1";\N;"0"
"799";"664041";\N;"ORION";"JP";"7";"89";"JP HHE OFF";"13";"78";"4";\N;"0"
"800";"664764";\N;"HAYAKITAMARU";"JP";"7";"74";"JP KWS TU";"14";"62";"4";\N;"0"
"801";"662724";\N;"COSMO MARU";"JP";"8";"89";"JP ANE OFF";"13";"72";"3";\N;"0"
"802";"152368";\N;"FRANKFURT EXPRESS";"DE";"7";"335";"US SEA > KR PUS";"43";"249";"14";\N;"1"
"803";"662279";\N;"SUNNY MARS";"JP";"8";"109";"JP NGO";"17";"90";"12";\N;"0"
"804";"413364";\N;"HANJIN CHONGQING";"PA";"7";"304";"PANAMA CANEL";"40";"228";"23";\N;"0"
"805";"662767";\N;"28 TOKUEIMARU";"JP";"8";"104";"JP AFG OFF";"15";"82";"6";\N;"0"
"806";"662502";\N;"KYOKUHOU MARU";"JP";"8";"104";"JP AFG E";"15";"79";"4";\N;"0"
"807";"665141";\N;"AOMORI MARU";"JP";"2";"57";"JP AJK OFF";"10";"36";"4";\N;"-720"
"808";"663611";\N;"MARIMO";"JP";"7";"167";"JP TMK 2E";"24";"46";"20";\N;"0"
"809";"663130";\N;"LILAC";"JP";"6";"199";"JP OTR";"26";"41";"10";\N;"0"
"810";"460413";\N;"TOYO HOPE";"PA";"7";"108";"KHH";"19";"93";"6";\N;"0"
"811";"3631668";\N;"HOKUTO";"JP";"7";"179";"JP TRG";"27";"27";"13";\N;"0"
"812";"652387";\N;"CHUN HAO";"TW";"0";"73";"PACIFC";"11";"50";"5";\N;"0"
"813";"661311";\N;"SEIUNMARU NO.38";"JP";"7";"74";"JP MUR";"12";"59";"4";\N;"720"
"814";"737758";\N;"OCEAN VENTURE 6";"VU";"2";"76";"CU";"0";"0";"0";\N;"0"
"815";"665140";\N;"KEIYUMARU2";"JP";"8";"58";"JP TMK N";"9";"46";"7";\N;"-720"
"816";"661637";\N;"NAIKAI MARU NO.3";"JP";"8";"71";"JP MUR SEC.3 OFF";"12";"53";"9";\N;"0"
"817";"146382";\N;"GRAND ANIVA";"CY";"8";"288";"RU PGN";"49";"222";"32";\N;"1"
"818";"3445514";\N;"TSURUGA";"JP";"7";"179";"JP TRG";"27";"27";"13";\N;"0"
"819";"661426";\N;"RYUEI";"JP";"7";"80";"JP AOM";"15";"63";"3";\N;"0"
"820";"158407";\N;"COLUMBINE MAERSK";"DK";"7";"346";"SHAHGHAI";"42";"244";"22";\N;"0"
"821";"663032";\N;"KATSUEI MARU NO.18";"JP";"7";"85";"JP MUR";"15";"72";"6";\N;"0"
"822";"758147";\N;"JAN";"PT";"7";"161";"BUSAN SOUTH ANCHORAG";"25";"142";"13";\N;"8"
"823";"664117";\N;"AI MARU";"JP";"8";"104";"JP AFG";"16";"82";"12";\N;"0"
"824";"664156";\N;"KAKUMEI MARU";"JP";"8";"104";"JP AFG OFF";"16";"79";"1";\N;"0"
"825";"714453";\N;"MOL CONTRIBUTION";"MH";"7";"316";"HK HKG";"45";"227";"31";\N;"0"
"826";"664087";\N;"TAKUMI MARU";"JP";"3";"32";"JP RMI";"17";"97";"13";\N;"0"
"827";"415149";\N;"MSC ASYA";"PA";"7";"336";"BUSAN";"45";"260";"19";\N;"0"
"828";"663101";\N;"OHKOH MARU";"JP";"7";"167";"JP TMK C";"24";"44";"19";\N;"0"
"829";"753667";\N;"YM UTMOST";"LR";"7";"335";"KRPUS";"42";"246";"21";\N;"1"
"830";"1026965";\N;"QUANTUM OF THE SEAS";"BS";"6";"347";"MURORAN";"50";"35";"24";\N;"0"
"831";"727801";\N;"KITI BHUM";"SG";"7";"135";"BUSAN NEW PORT";"22";"119";"10";\N;"0"
"832";"661115";\N;"CHOUKAI MARU";"JP";"8";"70";"JP.TMK.E";"11";"54";"3";\N;"0"
"833";"661017";\N;"FUYOU MARU NO.6";"JP";"7";"98";"JP MUR";"16";"72";"2";\N;"0"
"834";"663139";\N;"TAISEI MARU";"JP";"8";"104";"JP ISW OFF";"16";"84";"4";\N;"0"
"835";"730120";\N;"OCEAN HARMONY";"SG";"7";"175";"US SCK";"29";"147";"18";\N;"0"
"836";"758429";\N;"CPO NORFOLK";"LR";"7";"262";"KRPUS-COCTG";"32";"194";"23";\N;"0"
"837";"458297";\N;"SKY VENUS";"PA";"7";"106";"JP OFT OFF";"15";"88";"11";\N;"0"
"838";"3350974";\N;"RYUOH";"JP";"7";"80";"JP HKP";"14";"60";"4";\N;"0"
"839";"662335";\N;"FUYO MARU NO.5";"JP";"7";"98";"JP RMI";"16";"78";"12";\N;"0"
"840";"419314";\N;"BORONIA K";"PA";"7";"179";"JP OTR";"28";"154";"20";\N;"0"
"841";"664254";\N;"SENPO MARU";"JP";"7";"114";"JP HKP OFF";"17";"89";"14";\N;"0"
"842";"665272";\N;"GEORGIA HIGHWAY";"JP";"7";"199";"US NTD";"32";"30";"22";\N;"0"
"843";"663366";\N;"KOYO MARU";"JP";"7";"114";"JP HKP";"17";"92";"5";\N;"0"
"844";"662432";\N;"TAISETSU MARU";"JP";"7";"150";"JP HKP OFF";"25";"123";"12";\N;"0"
"845";"3743657";\N;"HANEI MARU";"JP";"0";"120";"JP HKP";"20";"91";"15";\N;"0"
"846";"413434";\N;"KAPETAN TRADER 1";"PH";"7";"229";"KAOHSIUNG TAIWAN";"32";"197";"20";\N;"3"
"847";"416240";\N;"CRANE ROPROSS";"PA";"8";"119";"JP MUR";"19";"98";"15";\N;"0"
"848";"3743657";\N;"HAN EI MARU";"JP";"7";"120";"JP HKP";"20";"91";"15";\N;"0"
"849";"421200";\N;"TRITON GANNET";"PA";"7";"225";"JP KZU";"32";"198";"11";\N;"0"
"850";"662920";\N;"FERRY SHIRAKABA";"JP";"6";"195";"JP AFG EC";"29";"31";"10";\N;"0"
"851";"661944";\N;"KURE";"JP";"7";"117";"JP RYO OFF HMK";"19";"98";"5";\N;"0"
"852";"686841";\N;"OOCL CANADA";"HK";"7";"334";"KAOHSIUNG";"42";"244";"23";\N;"0"
"853";"3543275";\N;"AFRICAN QUAIL";"PA";"0";"180";"TH KSI";"30";"153";"8";\N;"4"
"854";"4143709";\N;"BULK BOLIVIA";"PA";"0";"199";"PORTLAND, OR. USA";"33";"170";"10";\N;"1"
"855";"212167";\N;"MEGALONISSOS";"GR";"8";"244";"CHIBA";"42";"203";"22";\N;"0"
"856";"663623";\N;"HAKUOU MARU";"JP";"8";"74";"JP ANE OFF";"11";"63";"3";\N;"0"
"857";"690431";\N;"COSCO DEVELOPMENT";"HK";"7";"366";"PRINCE RUPERT";"48";"142";"14";\N;"0"
"858";"199344";\N;"EVER LEADING";"GB";"7";"334";"LOS ANGELES";"48";"232";"15";\N;"0"
"859";"3533459";\N;"OOCL GENOA";"HK";"7";"334";"TW KHH";"40";"246";"22";\N;"3"
"860";"663197";\N;"NORTH PIONEER";"JP";"8";"89";"JP ISW OFF";"15";"69";"3";\N;"0"
"861";"192078";\N;"BRITISH COUNCILLOR";"GB";"8";"230";"US CLM";"36";"195";"11";\N;"0"
"862";"415343";\N;"HAMMERSMITH BRIDGE";"PA";"7";"336";"US LGB > CN XMN";"45";"260";"30";\N;"0"
"863";"459708";\N;"GLORIOUS SAKURA";"PA";"7";"210";"JP ISW";"36";"186";"22";\N;"0"
"864";"661642";\N;"SUISEN";"JP";"6";"224";"JP TRG";"26";"43";"19";\N;"0"
"865";"345855";\N;"PROGRESS";"RU";"7";"103";"NAKHODKA";"17";"74";"8";\N;"1"
"866";"3705602";\N;"SHIMAKAZE";"JP";"0";"76";"JP HHE";"12";"63";"5";\N;"-720"
"867";"753610";\N;"YM CYPRESS";"LR";"7";"274";"VANCOUVER";"40";"183";"23";\N;"0"
"868";"662336";\N;"SHIMOKITAMARU";"JP";"7";"94";"JP SYZ >JP MUR";"17";"74";"17";\N;"0"
"869";"726767";\N;"CHALLENGE PARAGON";"SG";"8";"179";"KR USN";"32";"151";"16";\N;"0"
"870";"660606";\N;"KAMOSHIKA";"JP";"6";"38";"KANITA><WAKINOSAWA";"13";"14";"6";\N;\N
"871";"757653";\N;"MAERSK SANA";"LR";"7";"335";"YANGSHAN";"42";"250";"22";\N;\N
"872";"714569";\N;"SUNNY LILY";"MH";"7";"146";"KR PUS";"22";"112";"18";\N;\N
"873";"662362";\N;"NITTAN MARU";"JP";"8";"105";"JP FTX";"17";"77";"2";\N;\N
"874";"700242";\N;"SHENG XIANG";"FM";"7";"88";"JP HTC";"9";"66";"11";\N;\N
"875";"689079";\N;"DARYA JYOTI";"HK";"7";"229";"VANCOUVER>B.C";"32";"194";"8";\N;"0"
"876";"420361";\N;"ATLANTIC EAGLE";"PA";"7";"169";"JP KSM";"27";"144";"17";\N;"-720"
"877";"664153";\N;"NISSHUNMARU";"JP";"8";"104";"JP.AOM";"16";"83";"8";\N;"0"
"878";"714215";\N;"MOL COMMITMENT";"JP";"7";"316";"HKG";"45";"227";"31";\N;\N
"879";"306848";\N;"FJELLANGER";"NO";"8";"183";"YEOSU S.KOREA";"32";"149";"22";\N;\N
"880";"351613";\N;"IVAN KALININ";"RU";"2";"104";"BERING SEA";"16";"46";"8";\N;"0"
"881";"660712";\N;"TOEI MARU";"JP";"8";"72";"JP KNZ";"12";"60";"3";\N;"0"
"882";"94000";\N;"VUSR214N BD";"--";"0";"0";"";"0";"0";"0";\N;\N
"883";"661680";\N;"EISHIN MARU NO.25";"JP";"8";"104";"JP SHIRIUCHI OFF";"16";"83";"13";\N;"0"
"884";"3597022";\N;"NO.88 NIWAMARU";"JP";"0";"0";"";"0";"0";"0";\N;"0"
"885";"664646";\N;"SUMISEMARU NO.5";"JP";"7";"96";"JP HHE";"17";"78";"8";\N;\N
"886";"457934";\N;"TAWA ARROW";"PA";"7";"189";"CO BUN";"32";"164";"20";\N;"0"
"887";"733267";\N;"EVER LEGACY";"SG";"7";"334";"PANAMA";"46";"232";"15";\N;"0"
"888";"661310";\N;"HOKUTO MARU";"JP";"7";"114";"JP HKP OFF";"18";"85";"13";\N;"0"
"889";"758256";\N;"WAN HAI 801";"LR";"7";"333";"XIAMEN";"43";"257";"17";\N;"0"
"890";"408548";\N;"OCEAN ACCORD";"PA";"8";"235";"TMK JP";"36";"206";"21";\N;"0"
"891";"662843";\N;"TSUGARU";"JP";"3";"105";"HKP 3";"14";"41";"5";\N;"0"
"892";"664243";\N;"CHISIMAMARU";"JP";"7";"114";"JP HKP OFF";"17";"90";"14";\N;"0"
"893";"664902";\N;"YUGESHIMA";"JP";"3";"130";"";"14";"36";"8";\N;"0"
"894";"2965952";\N;"MOTONARI";"JP";"7";"76";"JP HKP 2";"12";"61";"8";\N;"0"
"895";"700490";\N;"DONG KUN 7";"SL";"7";"97";"JP HKD OFF";"8";"80";"7";\N;"0"
"896";"662525";\N;"NITTAN MARU NO.21";"JP";"8";"105";"JP HKP 4";"16";"82";"2";\N;"0"
"897";"662353";\N;"YUYO-MARU";"JP";"8";"66";"CLASS B";"10";"55";"2";\N;\N
"898";"662523";\N;"KAKUHO MARU";"JP";"8";"104";"JP TMK S";"16";"80";"3";\N;"0"
"899";"686499";\N;"OOCL MEMPHIS";"HK";"7";"334";"KAOHSIUNG";"42";"244";"26";\N;"0"
"900";"3979068";\N;"YDT-02";"JP";"0";"0";"";"0";"0";"0";\N;\N
"901";"420618";\N;"GRAND EAGLE";"PA";"7";"199";"KR PUS";"32";"26";"24";\N;"0"
"902";"464911";\N;"EARNEST CRANE";"PA";"7";"110";"JP UBJ";"18";"93";"14";\N;"0"
"903";"3862164";\N;"HKL SHINSEI";"JP";"7";"72";"JP ISW";"12";"0";"0";\N;\N
"904";"2642940";\N;"OOCL UTAH";"HK";"7";"335";"LGB US";"43";"290";"21";\N;"1"
"905";"501378";\N;"LU PENG YUAN YU 019";"CN";"0";"0";"412331038";"0";"0";"0";\N;"0"
"906";"408059";\N;"VEGA SKY";"PA";"7";"142";"JP OTR";"23";"129";"17";\N;"0"
"907";"712196";\N;"FU QUAN";"MH";"7";"81";"JP TMK OFF";"14";"63";"8";\N;"0"
"908";"756229";\N;"AKATSUKI";"LR";"7";"235";"RU VNN";"43";"201";"17";\N;"0"
"909";"501380";\N;"LU PENG YUAN YU 029";"CN";"0";"0";"ZHOU";"0";"0";"0";\N;"0"
"910";"314767";\N;"BOW CARDINAL";"NO";"8";"183";"ULSAN";"32";"146";"16";\N;"0"
"911";"3514255";\N;"KOSHO MARU NO.8";"JP";"0";"72";"JP MUR OFF";"12";"64";"9";\N;"0"
"912";"685883";\N;"MEDI SALERNO";"HK";"7";"225";"HAKATA JAPAN";"32";"199";"16";\N;"0"
"913";"125912";\N;"AVAX";"CY";"7";"225";"HONGKONG";"32";"196";"14";\N;"0"
"914";"732177";\N;"APL GWANGYANG";"SG";"7";"349";"BUSAN-BUS";"45";"263";"32";\N;"-2"
"915";"661881";\N;"KIBOU";"JP";"7";"105";"JP HKP / KAMIISO";"17";"82";"3";\N;"0"
"916";"459277";\N;"ARGENT SUNRISE";"PA";"8";"182";"NINGBO";"28";"157";"21";\N;"0"
"917";"662284";\N;"SEIEI MARU";"JP";"3";"99";"JP HKP OFF";"16";"74";"11";\N;"0"
"918";"664808";\N;"SHINRYU";"JP";"2";"62";"CLASS B";"10";"22";"9";\N;"0"
"919";"3625169";\N;"RYUSHOU";"JP";"0";"70";"JP HKP OFF";"12";"58";"3";\N;"0"
"920";"674569";\N;"NEW STELLA";"KR";"8";"105";"KR ULSAN MN LINE";"14";"90";"7";\N;\N
"921";"412495";\N;"GREEN PHOENIX";"PA";"7";"189";"USPDX";"32";"163";"22";\N;"0"
"922";"661701";\N;"HOWA MARU";"JP";"3";"30";"CLASS B";"9";"10";"3";\N;\N
"923";"661048";\N;"SHOEI MARU";"JP";"8";"104";"JP KSM OFF";"16";"85";"6";\N;\N
"924";"306717";\N;"LUNITA";"NO";"7";"190";"JINZHOU,CHINA";"32";"166";"21";\N;"0"
"925";"4208134";\N;"HOKKAI MARU";"JP";"3";"30";"CLASS B";"9";"10";"3";\N;\N
"926";"3966333";\N;"HYUNDAI SAMCHEONPO";"PA";"0";"273";"CNTAO";"46";"233";"14";\N;"2"
"927";"501391";\N;"LU PENG YUAN YU 079";"CN";"3";"77";"A";"11";"45";"5";\N;\N
"928";"409841";\N;"ACX SATSUMA";"PA";"7";"123";"KR PUS>JP TMK";"18";"107";"6";\N;"0"
"929";"661897";\N;"HASSYOMARU NO.5";"JP";"8";"104";"JP YOK(NEGSHI)OFF";"16";"77";"12";\N;"0"
"930";"410116";\N;"NEW HISTORY";"PA";"7";"176";"BUSAN KOREA";"28";"156";"17";\N;\N
"931";"458954";\N;"COSCO OSAKA";"PA";"7";"259";"QINGDAO";"32";"191";"11";\N;"0"
"932";"754109";\N;"YVONNE";"LR";"7";"190";"KHO SICHANG,THAILAND";"32";"161";"21";\N;\N
"933";"661412";\N;"KIRISHIMA MARU NO.11";"JP";"8";"104";"JP TMK OFF";"16";"83";"3";\N;\N
"934";"661674";\N;"WAKOMARU NO.2";"JP";"8";"89";"JP WKJ OFF";"14";"69";"2";\N;"0"
"935";"2460378";\N;"HIDAKA";"JP";"7";"179";"JP TRG";"27";"27";"13";\N;\N
"936";"764668";\N;"UNION ONE";"CK";"7";"96";"HAWAIIAN";"13";"81";"12";\N;"2"
"937";"1672801";\N;"SSI TRIUMPH";"MH";"7";"199";"BUSAN M9 ANCHORAGE";"32";"171";"9";\N;"0"
"938";"665123";\N;"YUUKARI";"JP";"6";"199";"JP OTR";"26";"41";"10";\N;"0"
"939";"660960";\N;"SUMISE MARU NO.21";"JP";"7";"95";"JP HKP OFF";"17";"70";"14";\N;\N
"940";"660721";\N;"SUEHIROMARU";"JP";"0";"84";"JP MUR OFF";"14";"69";"5";\N;\N
"941";"661977";\N;"KAKUYU MARU";"JP";"8";"88";"JP MUR OFF";"15";"66";"11";\N;"0"
"942";"764668";\N;"UNIONONE";"CK";"7";"96";"HAWAIIAN";"13";"80";"12";\N;"2"
"943";"201389";\N;"DIAMOND PRINCESS";"GB";"6";"290";"JP AOM";"37";"34";"25";\N;\N
"944";"1884";\N;"ISMENE";"MH";"7";"224";"KR YEOSU";"32";"191";"12";\N;\N
"945";"464036";\N;"NSU INSPIRE";"PA";"7";"329";"SG SIN";"57";"283";"21";\N;"0"
"946";"376723";\N;"UNION SUCCESS";"KH";"7";"110";"MUR JP";"18";"95";"4";\N;\N
"947";"454568";\N;"MANULANI";"US";"7";"217";"USLBH";"32";"217";"16";\N;"0"
"948";"464120";\N;"TEAM HOPE";"MH";"7";"186";"CA VIC";"27";"154";"6";\N;\N
"949";"714252";\N;"SINOKOR VLADIVOSTOK";"MH";"7";"135";"KR PNC";"22";"123";"11";\N;"0"
"950";"663401";\N;"SHUHO MARU NO.31";"JP";"8";"75";"JP WKJ OFF";"11";"58";"7";\N;\N
"951";"686031";\N;"SEA BAY";"HK";"8";"243";"KOZMINO";"42";"203";"19";\N;"0"
"952";"758870";\N;"HS PARIS";"LR";"7";"300";"VANCOUVER";"40";"217";"25";\N;"0"
"953";"664064";\N;"ASAHI MARU";"JP";"8";"104";"JP SKT OFF";"15";"83";"8";\N;\N
"954";"712309";\N;"ALPINE STEALTH";"MH";"8";"183";"PANAMA";"32";"156";"24";\N;"3"
"955";"757559";\N;"ERNEST HEMINGWAY";"LR";"7";"294";"BUSAN";"32";"222";"15";\N;\N
"956";"660705";\N;"KAIHOU";"JP";"7";"74";"JP OTR OFF";"12";"62";"9";\N;"0"
"957";"3663480";\N;"CLERMONT";"BS";"8";"225";"BALBOA";"36";"187";"14";\N;"0"
"958";"662593";\N;"DAI38NISSHOUMARU";"JP";"7";"76";"JP MUR/WM";"12";"70";"9";\N;"0"
"959";"728976";\N;"THOR MADOC";"SG";"7";"190";"CN LYG";"32";"163";"20";\N;\N
"960";"3456508";\N;"MOL BELIEF";"HK";"7";"337";"PANAMA";"48";"244";"31";\N;"0"
"961";"465642";\N;"ORIENTAL CORE";"PA";"7";"149";"RU NJK";"24";"121";"7";\N;"0"
"962";"663981";\N;"KOWA MARU";"JP";"7";"91";"JP OIP OFF";"15";"70";"5";\N;"0"
"963";"558954";\N;"JIU HUA HAI";"CN";"7";"190";"MANZANILLO";"32";"160";"17";\N;"0"
"964";"327171";\N;"AIDA";"US";"7";"199";"USN";"32";"38";"10";\N;"0"
"965";"660974";\N;"YAHATA MARU";"JP";"7";"74";"JP OSA OFF";"12";"65";"4";\N;"0"
"966";"4011829";\N;"HAYATO";"JP";"0";"76";"JP ISW OFF";"12";"66";"4";\N;"0"
"967";"764180";\N;"ENJI6";"SL";"7";"97";"JP MUR";"15";"80";"6";\N;"0"
"968";"664455";\N;"TSURUFUJIMARU";"JP";"8";"104";"JP MUR";"16";"80";"4";\N;"0"
"969";"663928";\N;"KOUSEN MARU";"JP";"8";"69";"JP MUR OFF";"12";"55";"3";\N;\N
"970";"689498";\N;"COSCO GLORY";"HK";"7";"366";"CAPRR";"48";"142";"14";\N;"0"
"971";"411570";\N;"INDIGO SPICA";"PA";"7";"189";"LONGKOU,CHINA";"32";"160";"22";\N;"0"
"972";"663558";\N;"RYUOH MARU NO.2";"JP";"7";"80";"JP HKP OFF";"12";"60";"3";\N;"0"
"973";"722280";\N;"GINTO";"PH";"7";"120";"JP YOK OFF";"21";"98";"6";\N;"0"
"974";"660684";\N;"KAIOMARU";"JP";"2";"55";"JP HKP 1";"7";"20";"4";\N;"0"
"975";"664390";\N;"SEISEN MARU";"JP";"8";"71";"JP MUR OFF";"12";"52";"4";\N;"0"
"976";"660736";\N;"KEITEN MARU";"JP";"8";"104";"JP KIJ WR";"16";"83";"4";\N;"0"
"977";"465539";\N;"ATLANTIC VENUS";"PA";"7";"179";"CJK";"28";"154";"21";\N;"0"
"978";"377741";\N;"AMGU";"BZ";"7";"99";"RU VVO";"17";"89";"7";\N;"-2"
"979";"663663";\N;"87TOYOMARU";"JP";"8";"104";"JP KIJ";"16";"80";"13";\N;"0"
"980";"756152";\N;"YM MODESTY";"LR";"7";"293";"TACOMA";"40";"220";"28";\N;"-1"
"981";"455155";\N;"APL KOREA";"US";"7";"276";"US SPQ";"40";"189";"20";\N;"0"
"982";"714452";\N;"SEA CHARM";"MH";"7";"225";"VANCOUVER CANADA";"32";"199";"12";\N;"0"
"983";"2505614";\N;"ANHAIWAN";"US";"8";"0";"CLASS B";"0";"0";"0";\N;"0"
"984";"662522";\N;"KYOKURYU MARU";"JP";"8";"104";"JP ANE";"15";"79";"4";\N;"0"
"985";"660414";\N;"OHAMI";"JP";"8";"79";"JP AFG OFF";"12";"60";"4";\N;"0"
"986";"461773";\N;"NEW GENERAL";"PA";"7";"175";"PTK KR";"28";"157";"11";\N;"0"
"987";"3926309";\N;"BELISLAND";"PA";"7";"199";"VANCOUVER BC";"32";"171";"9";\N;"0"
"988";"310025";\N;"STAR LYSEFJORD";"NO";"7";"204";"NEW WESMINSTER";"32";"182";"11";\N;"0"
"989";"544";\N;"CMA CGM NABUCCO";"FR";"7";"334";"SHANGHAI";"42";"245";"21";\N;"0"
"990";"4077504";\N;"D0";"CN";"3";"50";"CLASS B";"41";"0";"0";\N;\N
"991";"664086";\N;"YUYO MARU";"JP";"8";"104";"JP TMK OFF";"16";"84";"4";\N;"0"
"992";"673526";\N;"STAR UNIX";"KR";"7";"142";"JP HHE";"22";"113";"18";\N;"0"
"993";"664242";\N;"KIYOUMARU NO.5";"JP";"8";"70";"JP MUR OFF";"11";"53";"3";\N;"0"
"994";"348098";\N;"SOLID";"RU";"7";"51";"RU ZAR";"8";"26";"4";\N;"0"
"995";"685724";\N;"HONG JING";"HK";"7";"224";"ROBERTS BANK";"32";"196";"20";\N;"0"
"996";"661755";\N;"HOKKAIDO MARU";"JP";"7";"173";"JP TMK 2W";"27";"29";"6";\N;"0"
"997";"3632754";\N;"LEO IRIS";"PA";"7";"228";"PORTLAND OREGON";"32";"202";"21";\N;"0"
"998";"663142";\N;"KUNIFUJIMARU";"JP";"0";"66";"JP CHB OFF";"10";"55";"2";\N;"0"
"999";"690387";\N;"SITC LUSHAN";"HK";"7";"225";"COLUMBIA RIVER\USA";"32";"192";"20";\N;"0"
"1000";"660952";\N;"KAIRYU";"JP";"8";"104";"JP HKP OFF";"16";"82";"4";\N;"0"
"1001";"3822730";\N;"SHOYO";"JP";"7";"78";"JP AKITA";"14";"63";"4";\N;"0"
"1002";"4205640";\N;"AMSTEL LION";"PA";"0";"200";"PRINCE RUPERT CANADA";"32";"173";"20";\N;"0"
"1003";"663693";\N;"KUMANO MARU";"JP";"8";"60";"JP/HHE";"10";"51";"2";\N;\N
"1004";"150236";\N;"ORDU";"MT";"7";"229";"P RUPERT CANADA";"32";"196";"7";\N;"0"
"1005";"558194";\N;"ZE KUN";"CN";"7";"80";"JP MUR";"13";"68";"11";\N;"0"
"1006";"501389";\N;"LU PENG YUAN YU 078";"CN";"0";"0";"A";"0";"0";"0";\N;"720"
"1007";"462299";\N;"GRAND ACE5";"PA";"8";"183";"BALBOA PANAMA";"32";"147";"11";\N;"0"
"1008";"660963";\N;"KOSYU MARU NO.8";"JP";"8";"89";"JP AOM OFF";"14";"73";"6";\N;"0"
"1009";"152479";\N;"SANTA CLARA";"PT";"7";"300";"KRPUS - MXZLO";"43";"229";"21";\N;"0"
"1010";"664253";\N;"MIZUHOMARU";"JP";"0";"0";"CLASS B";"0";"0";"0";\N;"0"
"1011";"662587";\N;"KYOKUSEIMARU";"JP";"8";"104";"JP TMK OFF";"16";"79";"11";\N;"0"
"1012";"660429";\N;"KAIYU MARU";"JP";"8";"104";"JP KWS OG";"16";"84";"4";\N;"0"
"1013";"3948723";\N;"GLORIOUS SUNRISE";"PA";"7";"179";"MANZANILLO-MEXICO";"29";"153";"9";\N;"0"
"1014";"752952";\N;"KUBAN";"LR";"8";"243";"CHERRY POINT USA";"42";"205";"21";\N;"0"
"1015";"713235";\N;"OVERSEAS KYTHNOS";"MH";"8";"183";"LOS ANGELES,CA-USA";"32";"150";"14";\N;"0"
"1016";"758571";\N;"VOGE CHALLENGER";"LR";"7";"228";"SINPORE-PEBGC";"32";"199";"23";\N;"3"
"1017";"756358";\N;"VANTAGE WAVE";"LR";"7";"179";"VICTORIA BC";"27";"153";"4";\N;"0"
"1018";"764219";\N;"HENG XING 1";"SL";"7";"65";"NORTH PACIFIC";"10";"45";"6";\N;"0"
"1019";"4034000";\N;"PILATUS VENTURE";"HK";"0";"200";"VANCOUVER";"32";"169";"9";\N;"14"
"1020";"420894";\N;"TAI JI";"PA";"7";"124";"N.P FISHIGGROUND";"17";"99";"8";\N;"0"
"1021";"661528";\N;"KIRISHIMA MARU NO.2";"JP";"8";"104";"JP AFG OFF";"16";"82";"2";\N;"0"
"1022";"345996";\N;"PACIFIC ENDURANCE";"RU";"3";"91";"KHOLMSK";"19";"33";"11";\N;"0"
"1023";"465493";\N;"EVER LADEN";"PA";"7";"334";"LOS ANGELES";"45";"232";"15";\N;"3"
"1024";"663198";\N;"HAYAKUNIMARU";"JP";"0";"38";"JP MIZ";"9";"19";"5";\N;"-183"
"1025";"464142";\N;"KINOURA";"PA";"7";"228";"MX GYM";"32";"202";"21";\N;"0"
"1026";"712440";\N;"ECOAN G.O";"MH";"7";"225";"VANCOUVER CANADA";"32";"194";"9";\N;"0"
"1027";"289243";\N;"STRIGGLA";"MT";"7";"225";"PUSAN KOREA";"32";"200";"20";\N;"0"
"1028";"4167363";\N;"LEIKANGER";"NO";"8";"186";"HMD-2505 SEA-TRIAL";"32";"148";"8";\N;"-1"
"1029";"3703266";\N;"DBROS-ALPHA";"JP";"9";"12";"CLASS B";"4";"8";"0";\N;\N
"1030";"664769";\N;"VENILIA";"JP";"6";"134";"JP HHE = JP TMK";"21";"21";"11";\N;"0"
"1031";"687001";\N;"COSCO COLOMBO";"HK";"7";"261";"QING DAO";"32";"192";"21";\N;"0"
"1032";"475333";\N;"MV. DEIRA";"AE";"7";"276";"PAPTY";"32";"214";"27";\N;"0"
"1033";"664234";\N;"SENYO MARU";"JP";"7";"114";"JP HKP OFF";"17";"84";"15";\N;"0"
"1034";"660876";\N;"RYUKAKU";"JP";"7";"74";"JP HHE/WM";"12";"64";"3";\N;"0"
"1035";"674585";\N;"ASIAN MAJESTY";"KR";"7";"228";"PORTLAND,OR";"32";"37";"16";\N;"0"
"1036";"664786";\N;"SUNFLOWER SAPPORO";"JP";"6";"192";"JP TMK C";"27";"47";"6";\N;"0"
"1037";"4061933";\N;"ECO DOMINATOR";"MH";"0";"117";"ULSAN KOREA";"19";"96";"14";\N;"0"
"1038";"664990";\N;"SUZUNAMI";"JP";"3";"151";"";"17";"50";"9";\N;"0"
"1039";"465362";\N;"NEW ASCENT";"PA";"7";"228";"SINGAPORE";"32";"203";"21";\N;"0"
"1040";"475333";\N;". DEIRA";"AE";"7";"276";"PAPTY";"32";"214";"27";\N;"0"
"1041";"407528";\N;"SAKURA DREAM";"PA";"7";"179";"RUVNN";"29";"154";"11";\N;"0"
"1042";"346258";\N;"GREEN TUNDRA";"RU";"7";"115";"KURILY ISLANDS";"17";"91";"2";\N;"0"
"1043";"4211744";\N;"ATHENS 88";"AE";"8";"123";"OFF SHARJAH";"19";"100";"8";\N;"0"
"1044";"401626";\N;"SEA GLORY";"JM";"7";"84";"JP TOK OFF";"15";"69";"7";\N;"0"
"1045";"758782";\N;"HHL AMAZON";"LR";"7";"138";"BUSAN";"30";"126";"15";\N;"-10"
"1046";"662480";\N;"SHIN-OH MARU";"JP";"7";"162";"JP HKP 2";"24";"40";"8";\N;"0"
"1047";"458421";\N;"HUA KAI";"PA";"7";"99";"JP TOK OFF";"16";"82";"5";\N;"-720"
"1048";"672843";\N;"STAR APEX";"KR";"7";"142";"JP TMK";"22";"120";"12";\N;"0"
"1049";"357655";\N;"SEA-LAND LIGHTNING";"SG";"7";"293";"PANAMA";"32";"221";"16";\N;"0"
"1050";"660856";\N;"SOURYOUMARU";"JP";"8";"64";"JP TMK N";"10";"52";"2";\N;"0"
"1051";"3354488";\N;"SHINSETO";"JP";"7";"85";"JP SGM";"14";"89";"3";\N;"0"
"1052";"663779";\N;"TOMISU MARU";"JP";"7";"73";"CLASS B";"12";"58";"3";\N;"0"
"1053";"459170";\N;"HUI TONG";"PA";"7";"99";"JP KUH";"16";"84";"10";\N;"0"
"1054";"730266";\N;"KOTA LATIF";"SG";"7";"260";"KRPUS";"32";"0";"0";\N;"1"
"1055";"684939";\N;"SEA LAND METEOR";"HK";"7";"292";"XINGANG CHINA";"32";"226";"10";\N;"-5"
"1056";"875008";\N;"GENIUS SW";"PA";"7";"199";"PRINCE RUPERT";"32";"168";"20";\N;"0"
"1057";"410577";\N;"JACHA";"PA";"7";"92";"BUSAN KR";"16";"67";"8";\N;"0"
"1058";"3454937";\N;"EIYU MARU NO.6";"JP";"7";"70";"JP HHE OFF";"13";"57";"4";\N;"0"
"1059";"661605";\N;"KIYO MARU NO.2";"JP";"8";"103";"JP KSM OFF";"15";"79";"4";\N;"0"
"1060";"653598";\N;"YM ESSENCE";"TW";"7";"259";"QINGDAO";"38";"196";"28";\N;"3"
"1061";"194398";\N;"HYUNDAI SPLENDOR";"GB";"7";"339";"VANCOUVER";"45";"244";"15";\N;"0"
"1062";"665682";\N;"ARCADIA SALUTE";"JP";"7";"234";"CA PRR";"38";"202";"25";\N;"0"
"1063";"665592";\N;"SINCERE SALUTE";"JP";"7";"228";"JP MTSU";"36";"198";"18";\N;"0"
"1064";"214933";\N;"CRYSTALIA";"GR";"7";"225";"ROBERTSBANK.CAN";"32";"191";"12";\N;"0"
"1065";"664133";\N;"EISHIN MARU NO.18";"JP";"8";"104";"JP MUR OFF";"16";"80";"4";\N;"0"
"1066";"377414";\N;"STARSOGOD";"BZ";"7";"49";"";"8";"48";"1";\N;"0"
"1067";"188484";\N;"EVER SHINE";"GB";"7";"299";"KAOHSIUNG";"42";"211";"22";\N;"1"
"1068";"3979105";\N;"EBISU MARU";"JP";"0";"74";"JP NGO OFF";"12";"62";"8";\N;"0"
"1069";"661945";\N;"KISHOMARU";"JP";"7";"68";"JP KNZ";"11";"58";"2";\N;"0"
"1070";"420893";\N;"HANJIN ATLANTA";"PA";"7";"261";"USLGB";"32";"193";"9";\N;"0"
"1071";"2058069";\N;"NSU QUEST";"PA";"7";"299";"JP KZU";"50";"257";"33";\N;"0"
"1072";"347878";\N;"ICE BREEZE";"RU";"7";"95";"BUSAN";"17";"72";"14";\N;"0"
"1073";"664095";\N;"KUROHIME MARU";"JP";"7";"110";"JP AFG ES";"18";"87";"5";\N;"0"
"1074";"663827";\N;"RYUEI MARU N0.8";"JP";"8";"75";"JP AFG EN";"11";"60";"3";\N;"0"
"1075";"663440";\N;"SHINKOU MARU NO.35";"JP";"8";"75";"JP MUR MURORAN";"11";"58";"8";\N;"0"
"1076";"1175472";\N;"SEISHO MARU";"JP";"0";"75";"JP OMT OFF";"12";"66";"3";\N;"0"
"1077";"685186";\N;"MSC ALGECIRAS";"HK";"7";"299";"MX ZLO";"48";"110";"16";\N;"0"
"1078";"662405";\N;"SOUBI MARU";"JP";"8";"104";"JP AOM OFF";"16";"81";"6";\N;"0"
"1079";"661275";\N;"EITOKU MARU";"JP";"7";"73";"JP KZU OFF";"12";"57";"4";\N;"0"
"1080";"664139";\N;"KANRYUMARU";"JP";"7";"72";"JP TMK";"12";"59";"8";\N;"0"
"1081";"464258";\N;"TANIKAZE";"PA";"7";"189";"KR INC";"32";"162";"26";\N;"0"
"1082";"660512";\N;"NANIWA MARU NO.7";"JP";"8";"104";"JP HKP OFF";"16";"80";"8";\N;"-720"
"1083";"700683";\N;"GAIN OCEAN";"TG";"7";"66";"JP ISM";"13";"84";"8";\N;"0"
"1084";"408089";\N;"HANJIN SPAIN";"PA";"7";"349";"LONGBEACH.USA";"45";"261";"16";\N;"0"
"1085";"418207";\N;"HANJIN NABACDS";"PA";"7";"349";"BUSAN.S.KOREA";"45";"260";"0";\N;"0"
"1086";"3854496";\N;"PACIFIC CONSTANT";"HK";"7";"200";"VANCOUVER";"32";"172";"21";\N;"0"
"1087";"663056";\N;"DAI65TENJINMARU";"JP";"7";"86";"JP SHIRAOI";"15";"74";"7";\N;"-720"
"1088";"418207";\N;"HANJIN N";"PA";"7";"349";"BUSAN.S.KOREA";"45";"260";"0";\N;"0"
"1089";"369106";\N;"PLATINUM RAY";"BS";"7";"199";"KR USN";"32";"39";"10";\N;"0"
"1090";"374023";\N;"SONANGOL RANGEL";"BS";"8";"274";"US LGB";"48";"274";"25";\N;"0"
"1091";"463208";\N;"HYUNDAI FORWARD";"PA";"7";"294";"USLAX";"32";"216";"22";\N;"1"
"1092";"754567";\N;"ZIM ANTWERP";"LR";"7";"349";"VANCOUVER";"45";"259";"13";\N;"0"
"1093";"4093231";\N;"RB LISA";"MH";"7";"229";"BOLIVAR PERU";"32";"198";"9";\N;"0"
"1094";"661845";\N;"YUSEI MARU";"JP";"8";"72";"JP KIJ E OFF";"13";"56";"3";\N;"0"
"1095";"375359";\N;"MORNING CALM";"BS";"7";"199";"CA NAF";"32";"48";"22";\N;"-4"
"1096";"458257";\N;"OCEANIC HAWK";"PA";"7";"170";"JP TYO";"27";"150";"16";\N;"0"
"1097";"415442";\N;"BENITAMOU";"PA";"7";"299";"CA VAN";"50";"260";"29";\N;"-2"
"1098";"302161";\N;"CAPITOLA";"MT";"7";"225";"COLUMBIA RIVER";"32";"195";"16";\N;"0"
"1099";"732975";\N;"WAN HAI 513";"SG";"7";"259";"MX ZLO";"37";"197";"26";\N;"0"
"1100";"414724";\N;"SAKURA KOBE";"PA";"7";"179";"US PDX > JP MAI";"28";"152";"8";\N;"0"
"1101";"660472";\N;"ARITA MARU";"JP";"7";"73";"JP TMK";"13";"60";"4";\N;"0"
"1102";"674370";\N;"NO.703AMOR";"KR";"2";"71";"GROUND";"11";"40";"5";\N;"0"
"1103";"3698454";\N;"HARIMIZU";"JP";"0";"75";"JP MUR";"13";"70";"4";\N;"0"
"1104";"714163";\N;"LUCKY LUKE";"MH";"7";"225";"BUSAN, SOUTH KOREA";"32";"193";"10";\N;"0"
"1105";"3036";\N;"TOPAS";"MT";"7";"229";"VANCOUVER B.C";"38";"192";"22";\N;"0"
"1106";"413877";\N;"CRIMSON POLARIS";"PA";"7";"199";"US COS";"32";"175";"13";\N;"0"
"1107";"674370";\N;"NO.703 AMOR";"KR";"2";"71";"NORTH PACIFIC";"11";"30";"4";\N;"0"
"1108";"3522145";\N;"PACIFIC GLORY";"JP";"7";"117";"JP HKP OFF";"19";"84";"17";\N;"0"
"1109";"690645";\N;"CHIPOLBROK GALAXY";"HK";"7";"199";"BALBOA";"27";"184";"18";\N;"0"
"1110";"660791";\N;"SUZUKAMARU N0,7";"JP";"8";"69";"JP AFG OFF";"11";"56";"2";\N;"0"
"1111";"660791";\N;"SUZUKAMARU N07";"JP";"8";"69";"JP AFG OFF";"11";"56";"2";\N;"0"
"1112";"757234";\N;"E.R. LOS ANGELES";"LR";"7";"277";"PANAMA CANAL";"40";"186";"20";\N;"1"
"1113";"662124";\N;"RYOAN MARU NO.27";"JP";"7";"75";"JP TGO OFF";"12";"61";"5";\N;"0"
"1114";"1745397";\N;"HAI FENG 628";"PA";"7";"145";"NORTH PACIFIC";"17";"100";"13";\N;"0"
"1115";"420811";\N;"COSCO XIAMEN";"PA";"7";"278";"QINGDAO";"40";"205";"27";\N;"0"
"1116";"663183";\N;"HODAKA MARU";"JP";"8";"104";"JP HHE OFF";"16";"78";"15";\N;"0"
"1117";"893759";\N;"TAIHEI MARU";"JP";"7";"75";"JP OTR";"12";"63";"6";\N;"0"
"1118";"407868";\N;"NYK APHRODITE";"PA";"7";"299";"LOS ANGELES";"40";"225";"13";\N;"0"
"1119";"3896890";\N;"SAKIZAYA GLORY";"PA";"7";"228";"HONG KONG";"35";"194";"10";\N;"0"
"1120";"370534";\N;"TARIFA";"BS";"7";"199";"KR USN";"32";"45";"20";\N;"0"
"1121";"712835";\N;"MAERSK ELBA";"MH";"7";"366";"QINGDAO";"48";"142";"33";\N;"0"
"1122";"279415";\N;"ITAL MATTINA";"IT";"7";"264";"YANGSHAN";"32";"197";"8";\N;"0"
"1123";"661831";\N;"JINSHIN MARU";"JP";"8";"66";"JP TMK OFF";"10";"50";"2";\N;"0"
"1124";"462170";\N;"ST.JOSEPH";"PA";"8";"183";"YEOSU";"32";"149";"9";\N;"0"
"1125";"712229";\N;"KAETHE C RICKMERS";"MH";"7";"294";"PUSAN";"32";"222";"16";\N;"0"
"1126";"459012";\N;"HENRY HUDSON BRIDGE";"PA";"7";"336";"KRPUS > PAONX";"45";"260";"30";\N;"0"
"1127";"1011780";\N;"CHRISTINAB";"MH";"7";"189";"EL SALVADOR";"32";"162";"19";\N;"0"
"1128";"3238030";\N;"ABRE";"PA";"0";"186";"BURGAS";"32";"155";"22";\N;"0"
"1129";"3604664";\N;"DAI 61 SUMIWAKAMARU";"JP";"0";"88";"CLASS B";"16";"70";"4";\N;"0"
"1130";"3912526";\N;"MSC ANTONELLA";"PT";"7";"299";"PRINCE RUPERT";"48";"225";"19";\N;"-1"
"1131";"660675";\N;"EISHIN MARU NO.22";"JP";"8";"104";"JP SGM OFF";"16";"77";"3";\N;"0"
"1132";"671390";\N;"NEW HORIZON";"KR";"7";"186";"KWANGYANG,KR";"28";"148";"15";\N;"0"
"1133";"754235";\N;"YM EMINENCE";"LR";"7";"268";"QINGDAO";"32";"209";"21";\N;"0"
"1134";"133848";\N;"HANJIN VIENNA";"DE";"7";"278";"KRPUS>CAPRR";"40";"195";"25";\N;"0"
"1135";"716127";\N;"LUZON SPIRIT";"BS";"8";"243";"KASHIMA";"42";"203";"21";\N;"0"
"1136";"407717";\N;"APL ANTWERP";"PA";"7";"320";"US TIW";"46";"217";"30";\N;"0"
"1137";"664887";\N;"KONGOU";"JP";"3";"161";"JP YOS";"21";"54";"5";\N;"0"
"1138";"3727386";\N;"CASPIAN HARMONY";"HK";"7";"166";"PANAMA";"27";"150";"13";\N;"0"
"1139";"211572";\N;"DORIC PRIDE";"GR";"7";"190";"SINGAPORE";"32";"166";"20";\N;"0"
"1140";"412176";\N;"KEY EVOLUTION";"PA";"7";"229";"SIG PEBGC";"32";"200";"12";\N;"0"
"1141";"418743";\N;"VRINDA";"PA";"8";"106";"WEST AFRICA";"15";"88";"12";\N;"0"
"1142";"374393";\N;"OCEANIS";"BS";"7";"225";"BALBOA PANAMA";"32";"198";"16";\N;"5"
"1143";"3369874";\N;"SUNNY ACACIA";"PA";"7";"137";"JP TMK";"25";"123";"19";\N;"0"
"1144";"555865";\N;"XIN FEI ZHOU";"CN";"7";"335";"PACAN";"42";"248";"24";\N;"0"
"1145";"674241";\N;"STAR CLIPPER";"KR";"7";"142";"JP HKP";"22";"119";"11";\N;"0"
"1146";"756117";\N;"HYUNDAI LONG BEACH";"LR";"7";"293";"PUSAN";"40";"220";"28";\N;"0"
"1147";"662720";\N;"25TOKUEIMARU";"JP";"8";"74";"JP KIJ EW OFF";"11";"65";"7";\N;"0"
"1148";"418781";\N;"ARISO";"PA";"7";"199";"USEKA";"32";"173";"16";\N;"0"
"1149";"664972";\N;"JS AKEBONO";"JP";"3";"150";"";"17";"44";"14";\N;"0"
"1150";"465344";\N;"GLORIOUS JUPITER";"PA";"7";"157";"JP> KEIHIN";"27";"134";"18";\N;"0"
"1151";"469957";\N;"JADE";"VG";"9";"22";"CLASS B";"6";"12";"3";\N;\N
"1152";"188729";\N;"EVER SMILE";"GB";"7";"299";"MANZANILLO";"42";"211";"33";\N;"0"
"1153";"688518";\N;"ZIM SHANGHAI";"HK";"7";"294";"BALBOA";"32";"224";"10";\N;"0"
"1154";"3533497";\N;"18SENPOUMARU";"JP";"0";"17";"CLASS B";"5";"7";"2";\N;"0"
"1155";"3567788";\N;"LURONGYUANYUYUN168";"CN";"2";"0";"CLASS B";"0";"0";"0";\N;\N
"1156";"201390";\N;"ECO CROSSFIRE";"GB";"7";"183";"ONSAN KR";"31";"157";"20";\N;"0"
"1157";"688841";\N;"BRIGHTOIL LEGEND";"HK";"8";"243";"KOZMINO";"42";"206";"30";\N;"-9"
"1158";"688511";\N;"ANGELE N";"HK";"7";"190";"VANCOUVER";"32";"161";"12";\N;"0"
"1159";"2001686";\N;"KOUSHIN MARU NO.1";"JP";"0";"75";"JP MUR OFF";"12";"61";"8";\N;"-720"
"1160";"686762";\N;"SILVER PHOENIX";"HK";"7";"225";"KALAMA";"32";"200";"10";\N;"0"
"1161";"460010";\N;"BALTIMORE BRIDGE";"PA";"7";"229";"US LGB (ITS";"32";"195";"23";\N;"0"
"1162";"416100";\N;"ACHILLES BULKER";"PA";"7";"177";"CALDERA CR";"28";"150";"10";\N;"0"
"1163";"661499";\N;"SHINKOMARU NO8";"JP";"8";"79";"JP AFG OFF";"12";"58";"4";\N;"0"
"1164";"461133";\N;"COLORADO HIGHWAY";"PA";"7";"183";"CN SHA";"30";"15";"11";\N;"0"
"1165";"689859";\N;"CSCL EAST CHINA SEA";"HK";"7";"335";"KRPUS>USLAX";"49";"253";"20";\N;"0"
"1166";"663323";\N;"YUSHO MARU";"JP";"8";"80";"JP OTR";"11";"62";"3";\N;"0"
"1167";"463215";\N;"SPRING PRIDE";"PA";"7";"255";"JP MUR";"43";"228";"26";\N;"0"
"1168";"1660395";\N;"KAYO MARU";"JP";"0";"76";"CLASS B";"12";"66";"5";\N;"0"
"1169";"664065";\N;"TAIKO MARU";"JP";"8";"75";"JP KIJ OFF";"12";"64";"7";\N;"0"
"1170";"687702";\N;"GOLD RIVER";"HK";"7";"177";"DALIAN.CHINA";"28";"150";"19";\N;"0"
"1171";"139039";\N;"WESTWOOD PACIFIC";"DE";"7";"183";"KR KAN";"29";"92";"15";\N;"0"
"1172";"2044982";\N;"AEOLOS";"LR";"7";"199";"BAYUQUAN";"32";"170";"14";\N;"0"
"1173";"3443682";\N;"TENEI NO.2";"JP";"0";"75";"JP OIP";"12";"61";"7";\N;"0"
"1174";"213232";\N;"ELPIS I";"LR";"7";"224";"ROBERTS BANK";"32";"189";"21";\N;"0"
"1175";"705987";\N;"MIDWAY";"KI";"7";"87";"KR INC";"13";"76";"8";\N;"0"
"1176";"757527";\N;"BETEIGEUZE";"LR";"7";"225";"LONGVIEW";"32";"194";"20";\N;"-4"
"1177";"660428";\N;"SHIGEMARU";"JP";"8";"104";"JP NGO OFF";"16";"90";"2";\N;"0"
"1178";"363340";\N;"JOHANNES - S";"AG";"7";"210";"DUTCH HARBOR";"30";"193";"6";\N;"-2"
"1179";"730913";\N;"OCEAN ANGEL";"SG";"7";"189";"JP KND";"32";"157";"20";\N;"720"
"1180";"462971";\N;"SEIYO GROWTH";"PA";"7";"87";"JP TMK OFF";"14";"67";"6";\N;"0"
"1181";"685180";\N;"MOUNT OWEN";"HK";"7";"169";"HONGKONG";"27";"140";"19";\N;"0"
"1182";"662135";\N;"KAIKOMARU NO.8";"JP";"3";"33";"CLASS B";"8";"12";"1";\N;"0"
"1183";"4142118";\N;"SUNSTAR";"SG";"8";"225";"BALBOA";"36";"184";"14";\N;"0"
"1184";"665139";\N;"MIYAGI MARU";"JP";"2";"64";"JP HKP 1";"10";"32";"8";\N;"720"
"1185";"2084265";\N;"TN SUNRISE";"MH";"7";"198";"KR PUS";"32";"169";"20";\N;"0"
"1186";"754108";\N;"LARA";"LR";"7";"190";"VANCOUVER CANADA";"32";"161";"21";\N;"0"
"1187";"1241318";\N;"TOKU MARU NO.27";"JP";"7";"75";"JP OSA 5";"12";"61";"2";\N;"0"
"1188";"158044";\N;"CHASTINE MAERSK";"DK";"7";"346";"MX ZLO";"42";"244";"20";\N;"0"
"1189";"661772";\N;"HIMAWARI GT";"JP";"8";"69";"JP AOM  OFF";"12";"57";"2";\N;"0"
"1190";"191732";\N;"CMA CGM WHITESHARK";"GB";"7";"294";"ENSENADA";"32";"223";"23";\N;"2"
"1191";"727597";\N;"EVER UNIFIC";"SG";"7";"285";"TACUMA";"40";"213";"1";\N;"0"
"1192";"345459";\N;"MIKHAIL LUKONIN";"RU";"7";"124";"PLN RU";"16";"92";"5";\N;"0"
"1193";"213964";\N;"APOLYTARES";"GR";"8";"336";"CAOFEIDIAN CHINA";"60";"282";"36";\N;"0"
"1194";"664035";\N;"SHOEI MARU NO.58";"JP";"7";"103";"JP TMK 2C";"20";"77";"5";\N;"0"
"1195";"3488004";\N;"SEA ORPHEUS";"MT";"7";"229";"PYEONGTAEK";"32";"198";"8";\N;"0"
"1196";"191732";\N;"CMA CGM WHITE SHARK";"GB";"7";"294";"ENSENADA";"32";"223";"23";\N;"2"
"1197";"350009";\N;"VASILIY POLESHCHUK";"RU";"7";"152";"VLADIVOSTOK";"22";"113";"17";\N;"0"
"1198";"290094";\N;"ANTON SCHULTE";"MT";"7";"304";"BUSAN NEWPORT";"42";"226";"15";\N;"0"
"1199";"714395";\N;"INDUSTRIAL CHALLENGE";"PT";"7";"119";"PANAMA";"20";"109";"12";\N;"0"
"1200";"3961173";\N;"DAIWAN KALON";"PA";"7";"180";"CA PAB";"30";"154";"19";\N;"0"
"1201";"727018";\N;"BOGA INDAH";"SG";"7";"229";"CA VAN";"36";"198";"20";\N;"0"
"1202";"485967";\N;"TAI XIANG";"CN";"7";"84";"NORTHPOCEAN";"13";"67";"10";\N;"0"
"1203";"3723165";\N;"IKUMARU";"JP";"0";"75";"JP HIM";"12";"66";"10";\N;"0"
"1204";"706341";\N;"WEI SHUN";"KI";"7";"149";"BUSAN";"20";"116";"10";\N;"0"
"1205";"3770033";\N;"OU YA LENG 6";"CN";"0";"2";"";"2";"1";"1";\N;"0"
"1206";"2627487";\N;"SUOU";"JP";"0";"0";"";"0";"0";"0";\N;"0"
"1207";"524020";\N;"ZHEXIANGYU24040";"CN";"2";"30";"CLASS B";"6";"20";"3";\N;"0"
"1208";"152344";\N;"VIENNA EXPRESS";"DE";"7";"335";"CAN VAN";"43";"249";"14";\N;"0"
"1209";"663916";\N;"SEIEI";"JP";"7";"79";"JP HKP N";"13";"68";"4";\N;"-720"
"1210";"689043";\N;"OOCL LUXEMBOURG";"HK";"7";"323";"US LGB=>CN TAO";"43";"246";"30";\N;"0"
"1211";"686386";\N;"CF DIAMOND";"HK";"7";"225";"BUSAN";"32";"192";"12";\N;"0"
"1212";"3466412";\N;"AFRICAN JAY";"BS";"7";"183";"LONGVIEW";"31";"157";"20";\N;"0"
"1213";"307855";\N;"ADS ARENDAL";"NO";"7";"225";"SEATTLE,WA.USA";"32";"193";"12";\N;"0"
"1214";"662489";\N;"EIHO MARU";"JP";"8";"80";"JP KUH";"12";"64";"2";\N;"0"
"1215";"409772";\N;"CRANE GAIA";"PA";"8";"114";"JP MUR";"19";"92";"12";\N;"0"
"1216";"689586";\N;"OCEAN GARLIC";"MH";"7";"229";"YEOSU";"32";"198";"23";\N;"0"
"1217";"4218659";\N;"NORTHERN CONFIDENCE";"PH";"0";"180";"";"30";"153";"19";\N;"0"
"1218";"475482";\N;"BORAQ";"SA";"8";"183";"NINGBO";"32";"147";"16";\N;"0"
"1219";"418570";\N;"SUAH";"PA";"7";"120";"DUTCHABOUR,USA";"16";"97";"7";\N;"0"
"1220";"1037672";\N;"HYUNDAI GOODWILL";"PA";"7";"294";"BUSAN,KOREA";"32";"219";"20";\N;"1"
"1221";"754177";\N;"BEIJING 2008";"LR";"7";"228";"US KAM";"32";"203";"22";\N;"0"
"1222";"664284";\N;"NO.68 KOEIMARU";"JP";"7";"83";"JP MUT";"14";"66";"11";\N;"0"
"1223";"1874";\N;"IOLCOS COMMANDER";"MT";"7";"225";"PABLB";"32";"190";"23";\N;"0"
"1224";"726574";\N;"SARI INDAH";"SG";"7";"229";"HK HKG";"37";"200";"25";\N;"-2"
"1225";"663057";\N;"CHITOSE";"JP";"7";"128";"JP HHE";"21";"31";"16";\N;"0"
"1226";"4063435";\N;"HYUNDAI SATURN";"LR";"7";"324";"PANAMA CANAL";"48";"116";"20";\N;"-1"
"1227";"460562";\N;"DOUBLE HAPPINESS";"PA";"7";"224";"MACHONG,CHINA";"32";"194";"20";\N;"0"
"1228";"458098";\N;"COSCO AFRICA";"PA";"7";"349";"LONGBEACH";"45";"260";"14";\N;"-1"
"1229";"411996";\N;"NYK AQUARIUS";"PA";"7";"299";"US OAK>CN SHA";"40";"225";"13";\N;"0"
"1230";"419351";\N;"FOREST KISHU";"PA";"7";"199";"KIJ";"32";"176";"20";\N;"0"
"1231";"713493";\N;"NORTHERN LIGHT";"MH";"8";"183";"PANAMA";"32";"147";"8";\N;"2"
"1232";"662517";\N;"HIMAWARI 2";"JP";"7";"161";"JP TMK E";"24";"77";"12";\N;"0"
"1233";"664439";\N;"SUNFLOWER SHIRETOKO";"JP";"6";"190";"JP OAR";"26";"42";"15";\N;"0"
"1234";"2246804";\N;"PTBU";"JP";"0";"0";"";"0";"0";"0";\N;"-720"
"1235";"1152128";\N;"TSURUKABUTO";"JP";"7";"94";"JP YOK XX MC-1";"14";"80";"3";\N;"720"
"1236";"347324";\N;"FRIO AGATES";"RU";"7";"133";"BERING SEA";"18";"93";"17";\N;"-1"
"1237";"727940";\N;"LILA BHUM";"SG";"7";"135";"ISHIKARI";"22";"119";"13";\N;"0"
"1238";"754830";\N;"YM MATURITY";"LR";"7";"299";"PUSAN";"40";"225";"40";\N;"0"
"1239";"733416";\N;"WORLD NAVIGATOR";"SG";"8";"183";"KR YOS";"32";"149";"8";\N;"0"
"1240";"661122";\N;"SENEI MARU";"JP";"7";"75";"CLASS B";"12";"61";"2";\N;\N
"1241";"3880753";\N;"TAIHOU MARU";"JP";"7";"75";"JP TMK";"12";"65";"2";\N;"0"
"1242";"661207";\N;"MIYA MARU NO.1";"JP";"8";"104";"JP MUR";"16";"78";"2";\N;"720"
"1243";"664772";\N;"HOKUJUMARU";"JP";"8";"69";"JP MUR OFF";"12";"52";"3";\N;"0"
"1244";"3880753";\N;"TAIHOUMARU";"JP";"0";"75";"JP TMK";"12";"65";"2";\N;"0"
"1245";"684943";\N;"COSCO VENICE";"HK";"7";"261";"SHANGHAI";"32";"190";"17";\N;"0"
"1246";"662065";\N;"ZUISEN MARU";"JP";"8";"79";"JP HKP 1";"12";"64";"3";\N;"0"
"1247";"3201452";\N;"NEW JOURNEY";"PA";"7";"176";"KR PUS";"28";"152";"10";\N;"-720"
"1248";"414014";\N;"NYK METEOR";"PA";"7";"294";"KR PUS";"32";"222";"16";\N;"0"
"1249";"159683";\N;"GUTHORM MAERSK";"DK";"7";"366";"BUSAN";"42";"265";"21";\N;"0"
"1250";"415143";\N;"TAI HAWK";"PA";"7";"188";"SINGAPORE";"32";"162";"20";\N;"0"
"1251";"515828";\N;"ZHEPUYULENG208";"CN";"7";"72";"";"13";"55";"8";\N;"0"
"1252";"3403749";\N;"MSC MAXINE";"PA";"7";"299";"SHANGHAI";"48";"110";"13";\N;"0"
"1253";"339254";\N;"DN MILLET";"TR";"7";"196";"INCHEON";"32";"167";"24";\N;"0"
"1254";"421362";\N;"EVER URSULA";"PA";"7";"285";"TWTPE";"40";"212";"11";\N;"0"
"1255";"414899";\N;"NYK ATLAS";"PA";"7";"299";"LOS ANGELES";"40";"223";"14";\N;"0"
"1256";"3373585";\N;"CAP HATTERAS";"LR";"7";"262";"BALBOA";"32";"194";"23";\N;"0"
"1257";"460515";\N;"LAS TORTOLAS";"PA";"7";"182";"US RDB";"32";"156";"20";\N;"0"
"1258";"687015";\N;"OOCL LONG BEACH";"HK";"7";"322";"LONG BEACH";"42";"248";"24";\N;"0"
"1259";"662596";\N;"KENSEI MARU NO.5";"JP";"7";"76";"JP SIRAOI OFF";"12";"60";"7";\N;"0"
"1260";"665593";\N;"CORONA INFINITY";"JP";"7";"229";"RU VNN";"38";"196";"25";\N;"0"
"1261";"757620";\N;"PRINCE OF TIDES";"LR";"7";"134";"BUSAN SOUTH KOREA";"20";"108";"8";\N;"0"
"1262";"4209142";\N;"SHENG YANG";"--";"7";"68";"";"16";"56";"8";\N;\N
"1263";"417423";\N;"KAI CHENG";"PA";"7";"98";"MANILA";"15";"75";"9";\N;"0"
"1264";"347579";\N;"OS REEFER";"RU";"7";"67";"RU VVO";"12";"50";"7";\N;"0"
"1265";"660578";\N;"HAYASE MARU";"JP";"7";"75";"JP.TMK";"13";"63";"8";\N;"0"
"1266";"755255";\N;"CMA CGM KINGFISH";"LR";"7";"194";"PANAMA";"32";"220";"8";\N;"0"
"1267";"660421";\N;"CHIE MARU NO.10";"JP";"8";"72";"JP AFG OFF";"12";"63";"2";\N;"0"
"1268";"123322";\N;"GOVERNOR FARKHUTDINO";"CY";"8";"247";"RUNJK";"42";"204";"21";\N;"0"
"1269";"674509";\N;"YC COSMOS";"KR";"8";"105";"JP KNZ";"16";"85";"7";\N;"0"
"1270";"461394";\N;"MSC RANIA";"PA";"7";"331";"BUSAN";"43";"256";"16";\N;"0"
"1271";"662537";\N;"SHINKYOUWA MARU";"JP";"8";"103";"JP>AFG OFF";"16";"80";"13";\N;"0"
"1272";"460020";\N;"BRIGHT HOPE";"PA";"7";"169";"JP NIH";"27";"144";"10";\N;"0"
"1273";"662958";\N;"KENKAI MARU";"JP";"7";"114";"JP SKT";"17";"91";"13";\N;"0"
"1274";"3636609";\N;"CMA CGM BIANCA";"MT";"7";"334";"USSEA";"42";"244";"26";\N;"2"
"1275";"214275";\N;"NAVARINO";"MT";"7";"335";"SHANGHAI";"42";"244";"17";\N;"0"
"1276";"2139221";\N;"NAVIG8 AMETHYST";"MH";"8";"184";"SAN FRANCISCO";"27";"150";"22";\N;"0"
"1277";"3786360";\N;"HYUNDAI EARTH";"LR";"7";"324";"PUSAN NEW PORT";"48";"116";"20";\N;"0"
"1278";"364297";\N;"KATRINA";"AG";"7";"132";"JP SDJ";"19";"116";"11";\N;"-5"
"1279";"465776";\N;"HANJIN HADONG";"PA";"7";"228";"PORTLAND,USA";"32";"202";"21";\N;"0"
"1280";"419941";\N;"BULK NEPTUNE";"PA";"7";"189";"CALDERA.COSTA RICA";"32";"162";"19";\N;"0"
"1281";"3853329";\N;"WAKASHIO MARU NO.85";"JP";"0";"0";"CLASS B";"0";"0";"0";\N;"0"
"1282";"209316";\N;"VELEBIT";"HR";"8";"195";"ONSAN";"32";"165";"16";\N;"0"
"1283";"460851";\N;"CAPE KEYSTONE";"PA";"7";"291";"ROB,CANADA";"45";"248";"20";\N;"0"
"1284";"685438";\N;"WEST BAY";"HK";"7";"189";"CN ZOS";"32";"166";"20";\N;"0"
"1285";"660670";\N;"PACIFIC BREEZE";"JP";"7";"114";"JP HKP OFF";"18";"85";"5";\N;"0"
"1286";"124716";\N;"ZALIV AMERIKA";"CY";"8";"243";"LONG BEACH/ USA";"42";"8";"21";\N;"0"
"1287";"660521";\N;"DAI1HOUYOSHIMARU";"JP";"8";"79";"JP HKP 3";"12";"63";"9";\N;"720"
"1288";"662611";\N;"SEIUN MARU";"JP";"3";"116";"JP HKP OFF";"17";"33";"15";\N;"0"
"1289";"459913";\N;"COSCO TIANJIN";"PA";"7";"278";"CA PRR";"40";"205";"27";\N;"0"
"1290";"369599";\N;"MOL CREATION";"BS";"7";"316";"HK HKG";"45";"227";"23";\N;"0"
"1291";"413210";\N;"HANJIN MUMBAI";"PA";"7";"304";"BALBOA";"40";"228";"27";\N;"1"
"1292";"663383";\N;"TAIHEIZANMARU";"JP";"7";"69";"CLASS B";"12";"57";"9";\N;\N
"1293";"3544576";\N;"INDIAN OCEAN";"HK";"0";"180";"CN TAG";"30";"157";"10";\N;"0"
"1294";"714389";\N;"AAL DALIAN";"MH";"7";"193";"MASAN";"29";"177";"20";\N;"0"
"1295";"690600";\N;"LONGVIEW LOGGER";"HK";"7";"176";"CN GANYU";"29";"155";"15";\N;"0"
"1296";"733475";\N;"APL HOUSTON";"SG";"7";"328";"KAOHSIUNG";"46";"235";"14";\N;"0"
"1297";"4020191";\N;"LU PENG YUAN YU 027";"CN";"0";"0";"";"0";"0";"0";\N;"0"
"1298";"348086";\N;"AKHILLES";"RU";"8";"69";"UKE";"12";"55";"2";\N;"0"
"1299";"1611199";\N;"HORNING CRYSTDL";"PA";"0";"199";"";"32";"20";"23";\N;"-1"
"1300";"3557239";\N;"LU PENG YUAN YU 088";"CN";"0";"0";"A";"0";"0";"0";\N;"0"
"1301";"755139";\N;"GLENDA MERYL";"LR";"8";"183";"NOME";"32";"147";"11";\N;"0"
"1302";"500662";\N;"LUPENG YUAN YU 018";"CN";"9";"77";"";"14";"30";"8";\N;"0"
"1303";"411568";\N;"OCEAN ECHO";"PA";"7";"177";"US PBG 4 POSCO";"28";"153";"21";\N;"0"
"1304";"758063";\N;"MAERSK DANANG";"LR";"7";"294";"BUSAN NEW PORT";"32";"14";"16";\N;"0"
"1305";"685831";\N;"COSCO EXCELLENCE";"HK";"7";"366";"CAPRR";"48";"142";"14";\N;"0"
"1306";"461277";\N;"MORNING CRYSTAL";"PA";"7";"199";"PANAMA CANAL";"32";"20";"23";\N;"-1"
"1307";"701035";\N;"XING YUAN";"SL";"7";"94";"JP ISM OFF";"14";"78";"10";\N;"-720"
"1308";"758990";\N;"ZIM DJIBOUTI";"LR";"7";"349";"KRPUS";"45";"259";"13";\N;"0"
"1309";"730182";\N;"APL OMAN";"SG";"7";"274";"PAPTY";"32";"220";"5";\N;"0"
"1310";"281780";\N;"CAPETAN COSTIS";"IT";"7";"180";"CO BUN";"30";"149";"22";\N;"0"
"1311";"4045469";\N;"SHOREI";"JP";"7";"78";"JP>OFT";"14";"63";"4";\N;"0"
"1312";"662718";\N;"SAKISHIMA NO.116";"JP";"7";"82";"JP KIJ WR";"15";"68";"4";\N;"0"
"1313";"661844";\N;"KINYU MARU NO12";"JP";"8";"104";"JP HKP OFF";"16";"85";"13";\N;"0"
"1314";"726856";\N;"CLARICE";"SG";"8";"156";"ULSAN";"25";"139";"9";\N;"0"
"1315";"756226";\N;"DEVONGATE";"LR";"7";"199";"BUSAN";"32";"171";"19";\N;"0"
"1316";"445163";\N;"MAUNAWILI";"US";"7";"217";"LONG BEACH";"32";"162";"4";\N;"0"
"1317";"351682";\N;"MYS CHUROVA";"RU";"2";"64";"BUSAN";"13";"30";"11";\N;"0"
"1318";"462391";\N;"ATHENA TRIUMPH";"PA";"7";"120";"JP TMK";"21";"104";"12";\N;"0"
"1319";"351682";\N;"MYS CHUPROVA";"RU";"2";"64";"PACIFIC SEA";"13";"28";"9";\N;"0"
"1320";"526472";\N;"8#T6S#198";"CN";"2";"77";"";"15";"55";"8";\N;"0"
"1321";"665698";\N;"SHINKO MARU NO.3";"JP";"3";"39";"JP ISW";"10";"13";"7";\N;"0"
"1322";"196571";\N;"CMA CGM LYRA";"GB";"7";"363";"FUQING";"45";"273";"14";\N;"0"
"1323";"459106";\N;"QUEEN KOBE";"PA";"7";"189";"RUKHO";"32";"167";"20";\N;"0"
"1324";"351618";\N;"BORIS TROFIMENKO";"RU";"2";"105";"PUSAN";"20";"0";"0";\N;"-6"
"1325";"4217168";\N;"KYPROS SPIRIT";"CY";"7";"225";"PORTLAND USA";"32";"196";"21";\N;"0"
"1326";"661289";\N;"TETSUUN MARU NO.5";"JP";"7";"74";"JP FKJ OFF";"12";"60";"7";\N;"0"
"1327";"713221";\N;"FUJI GALAXY";"MH";"8";"159";"KAOHSIUNG";"27";"132";"19";\N;"0"
"1328";"3676829";\N;"HANJIN CZECH";"MT";"7";"300";"PAPAC";"48";"224";"19";\N;"0"
"1329";"490243";\N;"LAOYU 8";"CN";"0";"0";"NORTH PACIFIC";"0";"0";"0";\N;"6"
"1330";"490244";\N;"LIAO YU9";"CN";"0";"76";"";"12";"40";"7";\N;"2"
"1331";"373033";\N;"HYUNDAI FRONTIER";"BS";"7";"299";"HUASCO/CHILE";"50";"257";"24";\N;"0"
"1332";"462041";\N;"HUMBER BRIDGE";"PA";"7";"336";"XIAMEN";"45";"260";"30";\N;"0"
"1333";"663221";\N;"NIPPON MARU";"JP";"6";"166";"JP KTG";"28";"35";"7";\N;"0"
"1334";"460404";\N;"XIN QUAN";"PA";"7";"98";"JP TMK OFF";"16";"80";"12";\N;"0"
"1335";"460142";\N;"JIN YANG";"PA";"7";"87";"JP TMK";"14";"70";"6";\N;"0"
"1336";"315088";\N;"TARANGER";"NO";"8";"183";"YEOSU,S.KOREA";"32";"148";"20";\N;"0"
"1337";"664143";\N;"KEIYO MARU";"JP";"7";"74";"CLASS B";"13";"62";"9";\N;"0"
"1338";"410383";\N;"NYK LEO";"LR";"7";"299";"MANZANILLO";"40";"213";"30";\N;"0"
"1339";"3610791";\N;"AFRICAN GROUSE";"BS";"7";"183";"CA CRO";"31";"157";"20";\N;"0"
"1340";"348783";\N;"BUKHTA ASACHA";"RU";"7";"92";"SENDAY";"16";"66";"12";\N;"0"
"1341";"461357";\N;"TEMIT";"BZ";"7";"81";"JP AKITA";"14";"66";"9";\N;"0"
"1342";"124772";\N;"PARASKEVI";"CY";"7";"225";"XIAMEN";"32";"194";"21";\N;"0"
"1343";"662210";\N;"SHINKO MARU NO.21";"JP";"7";"75";"JP NGO E4";"12";"62";"7";\N;"0"
"1344";"457729";\N;"SANTA VISTA";"PA";"7";"184";"CN LSN";"30";"157";"21";\N;"0"
"1345";"401614";\N;"SHUN YUE 18";"JM";"7";"99";"JP SGM>JFE";"16";"66";"8";\N;"0"
"1346";"764142";\N;"EVER UNION";"SL";"7";"98";"JP AOMORI";"16";"80";"8";\N;"0"
"1347";"688552";\N;"DA CAI YUN";"HK";"7";"166";"PANAMA";"27";"150";"10";\N;"0"
